[{"model": "admin.logentry", "pk": 1, "fields": {"action_time": "2024-11-25T13:34:27.224Z", "user": 1, "content_type": 9, "object_id": "1", "object_repr": "Тест", "action_flag": 1, "change_message": "[{\"added\": {}}]"}}, {"model": "admin.logentry", "pk": 2, "fields": {"action_time": "2024-11-25T13:38:07.730Z", "user": 1, "content_type": 12, "object_id": "1", "object_repr": "Имя Фамилия", "action_flag": 3, "change_message": ""}}, {"model": "auth.user", "pk": 1, "fields": {"password": "pbkdf2_sha256$870000$OWPZyGjAjjCgxeUbzGevo2$tJqvi506Ej9pBvRZKjo1jO2Sb60l03u1XCvc1+jUhfg=", "last_login": "2024-11-25T13:31:47.864Z", "is_superuser": true, "username": "admin", "first_name": "", "last_name": "", "email": "", "is_staff": true, "is_active": true, "date_joined": "2024-11-25T13:29:38.866Z", "groups": [], "user_permissions": []}}, {"model": "contenttypes.contenttype", "pk": 1, "fields": {"app_label": "admin", "model": "logentry"}}, {"model": "contenttypes.contenttype", "pk": 2, "fields": {"app_label": "auth", "model": "permission"}}, {"model": "contenttypes.contenttype", "pk": 3, "fields": {"app_label": "auth", "model": "group"}}, {"model": "contenttypes.contenttype", "pk": 4, "fields": {"app_label": "auth", "model": "user"}}, {"model": "contenttypes.contenttype", "pk": 5, "fields": {"app_label": "contenttypes", "model": "contenttype"}}, {"model": "contenttypes.contenttype", "pk": 6, "fields": {"app_label": "sessions", "model": "session"}}, {"model": "contenttypes.contenttype", "pk": 7, "fields": {"app_label": "users", "model": "telegramuser"}}, {"model": "contenttypes.contenttype", "pk": 8, "fields": {"app_label": "users", "model": "telegramchannel"}}, {"model": "contenttypes.contenttype", "pk": 9, "fields": {"app_label": "users", "model": "partner"}}, {"model": "contenttypes.contenttype", "pk": 10, "fields": {"app_label": "broadcast", "model": "broadcastmessage"}}, {"model": "contenttypes.contenttype", "pk": 11, "fields": {"app_label": "applications", "model": "paymentapplication"}}, {"model": "contenttypes.contenttype", "pk": 12, "fields": {"app_label": "applications", "model": "processingapplication"}}, {"model": "contenttypes.contenttype", "pk": 13, "fields": {"app_label": "applications", "model": "document"}}, {"model": "contenttypes.contenttype", "pk": 14, "fields": {"app_label": "vacancies", "model": "vacancy"}}, {"model": "contenttypes.contenttype", "pk": 15, "fields": {"app_label": "geo", "model": "city"}}, {"model": "contenttypes.contenttype", "pk": 16, "fields": {"app_label": "bot", "model": "botmedia"}}, {"model": "contenttypes.contenttype", "pk": 17, "fields": {"app_label": "bot", "model": "botmessagetype"}}, {"model": "contenttypes.contenttype", "pk": 18, "fields": {"app_label": "bot", "model": "botmessage"}}, {"model": "contenttypes.contenttype", "pk": 19, "fields": {"app_label": "bot", "model": "botbutton"}}, {"model": "sessions.session", "pk": "fbiimw7opt1dlzk63ia0kmiz7xxuodmr", "fields": {"session_data": ".eJxVjDsOwjAQBe_iGln-xXYo6XMGa7274ACypTipEHeHSCmgfTPzXiLBtpa0dV7STOIstDj9bhnwwXUHdId6axJbXZc5y12RB-1yasTPy-H-HRTo5VsHS-SAB5PhGhRl5RWFoD0aixSNQ1LZOQ1DUCoaYuORRoMjsGUfSYv3B-7MOBs:1tFZBr:_fiMbHEXzxOVP1DXGPuKyBWMSS6D14-7crcXQ28HRzQ", "expire_date": "2024-12-09T13:31:47.866Z"}}, {"model": "users.telegramuser", "pk": 1, "fields": {"telegram_id": 287077132, "tg_username": "AkiraSansa", "invited_by": 1, "is_partner": true, "is_verified": false, "created_at": "2024-11-25T13:34:03.709Z"}}, {"model": "users.telegramuser", "pk": 2, "fields": {"telegram_id": 5591428997, "tg_username": "eenoemos", "invited_by": 1, "is_partner": false, "is_verified": true, "created_at": "2024-11-25T13:34:43.650Z"}}, {"model": "users.telegramchannel", "pk": 1, "fields": {"name": "SowaTestChannel", "chat_id": "-1002390504012"}}, {"model": "users.partner", "pk": 1, "fields": {"name": "Тест", "phone_number": "0123456789", "email": "al@lo.lo", "balance": "0.00", "proccess_type": "funnel_agency", "referal_idx": "V5QEmtT_yT6MLg", "created_at": "2024-11-25T13:34:27.223Z"}}, {"model": "vacancies.vacancy", "pk": 1, "fields": {"name": "Курьер", "city": null, "conditions": null}}, {"model": "vacancies.vacancy", "pk": 2, "fields": {"name": "Курьер", "city": 1, "conditions": null}}, {"model": "vacancies.vacancy", "pk": 3, "fields": {"name": "Повар", "city": 1, "conditions": null}}, {"model": "vacancies.vacancy", "pk": 4, "fields": {"name": "Асфальтоукладчик", "city": 1, "conditions": null}}, {"model": "vacancies.vacancy", "pk": 5, "fields": {"name": "Монтажник", "city": 1, "conditions": null}}, {"model": "vacancies.vacancy", "pk": 6, "fields": {"name": "Слесарь", "city": 1, "conditions": null}}, {"model": "vacancies.vacancy", "pk": 7, "fields": {"name": "Лакировочник", "city": 1, "conditions": null}}, {"model": "vacancies.vacancy", "pk": 8, "fields": {"name": "Трубодур", "city": 1, "conditions": null}}, {"model": "vacancies.vacancy", "pk": 9, "fields": {"name": "Швец", "city": 1, "conditions": null}}, {"model": "vacancies.vacancy", "pk": 10, "fields": {"name": "Жнец", "city": 1, "conditions": null}}, {"model": "vacancies.vacancy", "pk": 11, "fields": {"name": "Игрец", "city": 1, "conditions": null}}, {"model": "geo.city", "pk": 1, "fields": {"btx_id": null, "name": "Москва"}}, {"model": "geo.city", "pk": 2, "fields": {"btx_id": null, "name": "Казань"}}, {"model": "geo.city", "pk": 3, "fields": {"btx_id": null, "name": "Киров"}}, {"model": "geo.city", "pk": 4, "fields": {"btx_id": null, "name": "Алушта"}}, {"model": "geo.city", "pk": 5, "fields": {"btx_id": null, "name": "Нижний Новгород"}}, {"model": "geo.city", "pk": 6, "fields": {"btx_id": null, "name": "Череповец"}}, {"model": "bot.botmessage", "pk": 1, "fields": {"identifier": 1, "text": "Добро пожаловать, Партнёр!", "media": null, "created_at": "2024-11-18T07:25:22.863Z", "updated_at": "2024-11-18T07:25:22.863Z"}}, {"model": "bot.botmessage", "pk": 2, "fields": {"identifier": 2, "text": "Добро пожаловать, Курьер!", "media": null, "created_at": "2024-11-18T07:25:36.132Z", "updated_at": "2024-11-18T07:25:36.132Z"}}, {"model": "bot.botmessage", "pk": 3, "fields": {"identifier": 3, "text": "Вы выбрали город: {city_name}. Пожалуйста, введите полностью Ваше ФИО:", "media": null, "created_at": "2024-11-18T07:47:50.789Z", "updated_at": "2024-11-18T07:47:50.789Z"}}, {"model": "bot.botmessage", "pk": 4, "fields": {"identifier": 4, "text": "Вы выбрали город: {city_name}. Пожалуйста, выберите вакансию:", "media": null, "created_at": "2024-11-18T07:47:50.789Z", "updated_at": "2024-11-18T07:47:50.789Z"}}, {"model": "bot.botmessage", "pk": 5, "fields": {"identifier": 5, "text": "Выберите дату:", "media": null, "created_at": "2024-11-18T07:47:50.789Z", "updated_at": "2024-11-18T07:47:50.789Z"}}, {"model": "bot.botmessage", "pk": 6, "fields": {"identifier": 6, "text": "Неизвестное состояние", "media": null, "created_at": "2024-11-18T07:47:50.789Z", "updated_at": "2024-11-18T07:47:50.789Z"}}, {"model": "bot.botmessage", "pk": 7, "fields": {"identifier": 7, "text": "Пожалуйста, введите номер телефона:", "media": null, "created_at": "2024-11-18T07:47:50.789Z", "updated_at": "2024-11-18T07:47:50.789Z"}}, {"model": "bot.botmessage", "pk": 8, "fields": {"identifier": 8, "text": "Выберите налоговый статус:", "media": null, "created_at": "2024-11-18T07:47:50.789Z", "updated_at": "2024-11-18T07:47:50.789Z"}}, {"model": "bot.botmessage", "pk": 9, "fields": {"identifier": 9, "text": "Выберите тоннаж машины:", "media": null, "created_at": "2024-11-18T07:47:50.789Z", "updated_at": "2024-11-18T07:47:50.789Z"}}, {"model": "bot.botmessage", "pk": 10, "fields": {"identifier": 10, "text": "Выберите способ предоставления документов:", "media": null, "created_at": "2024-11-18T07:47:50.789Z", "updated_at": "2024-11-18T07:47:50.789Z"}}, {"model": "bot.botmessage", "pk": 11, "fields": {"identifier": 11, "text": "Вы выбрали прошедшую дату. Пожалуйста, выберите дату в будущем.", "media": null, "created_at": "2024-11-18T07:47:50.789Z", "updated_at": "2024-11-18T07:47:50.789Z"}}, {"model": "bot.botmessage", "pk": 12, "fields": {"identifier": 12, "text": "Заявка принята в обработку.", "media": null, "created_at": "2024-11-18T07:47:50.789Z", "updated_at": "2024-11-18T07:47:50.789Z"}}, {"model": "bot.botmessage", "pk": 13, "fields": {"identifier": 13, "text": "Нет заявок на выбранную дату", "media": null, "created_at": "2024-11-18T07:47:50.789Z", "updated_at": "2024-11-18T07:47:50.789Z"}}, {"model": "bot.botmessage", "pk": 14, "fields": {"identifier": 14, "text": "Ваши заявки:{applications}", "media": null, "created_at": "2024-11-18T07:47:50.789Z", "updated_at": "2024-11-18T07:47:50.789Z"}}, {"model": "bot.botmessage", "pk": 15, "fields": {"identifier": 15, "text": "Заявка успешно отправлена, с Вами скоро свяжутся.", "media": null, "created_at": "2024-11-18T07:47:50.789Z", "updated_at": "2024-11-18T07:47:50.789Z"}}, {"model": "bot.botmessage", "pk": 16, "fields": {"identifier": 16, "text": "Пожалуйста, выберите дату для предоставления документов.", "media": null, "created_at": "2024-11-18T07:47:50.789Z", "updated_at": "2024-11-18T07:47:50.789Z"}}, {"model": "bot.botmessage", "pk": 17, "fields": {"identifier": 17, "text": "Пожалуйста, отправьте {description} для {document_label}.", "media": null, "created_at": "2024-11-18T07:47:50.789Z", "updated_at": "2024-11-18T07:47:50.789Z"}}, {"model": "bot.botmessage", "pk": 18, "fields": {"identifier": 18, "text": "Нет ожидаемых документов.", "media": null, "created_at": "2024-11-18T07:47:50.789Z", "updated_at": "2024-11-18T07:47:50.789Z"}}, {"model": "bot.botmessage", "pk": 19, "fields": {"identifier": 19, "text": "Спасибо, все документы получены.", "media": null, "created_at": "2024-11-18T07:47:50.789Z", "updated_at": "2024-11-18T07:47:50.789Z"}}, {"model": "bot.botmessage", "pk": 20, "fields": {"identifier": 20, "text": "Неверный тип файла. Пожалуйста, отправьте фото или документ.", "media": null, "created_at": "2024-11-18T07:47:50.789Z", "updated_at": "2024-11-18T07:47:50.789Z"}}, {"model": "bot.botmessage", "pk": 21, "fields": {"identifier": 21, "text": "<b>ФИО:</b> {partner_name}\r\n<b>Кол-во заявок(В работе):</b>{applications_count}\r\n<b>Баланс:</b> {balance}\r\nВыберите статус заявки:", "media": null, "created_at": "2024-11-18T07:47:50.789Z", "updated_at": "2024-11-18T10:09:45.231Z"}}, {"model": "bot.botmessage", "pk": 22, "fields": {"identifier": 22, "text": "<b>Ваша реферальная ссылка:</b>\r\n<code>{referral_link}</code>\r\n\r\n<b>Кол-во заявок: </b>{count}", "media": null, "created_at": "2024-11-18T07:47:50.789Z", "updated_at": "2024-11-18T10:09:45.231Z"}}, {"model": "bot.botmessage", "pk": 23, "fields": {"identifier": 23, "text": "Выберите запрашиваемую информацию", "media": null, "created_at": "2024-11-22T12:02:58.517Z", "updated_at": "2024-11-22T12:02:58.517Z"}}, {"model": "bot.botmessage", "pk": 24, "fields": {"identifier": 24, "text": "<b>Название компании</b>\r\n\r\n<b>Телефон:</b> <i>123456789</i>\r\n<b>Сайт:</b> <i>localhost</i>\r\n\r\n<i>Lorem ipsum dolor sit amet, consectetur adipiscing elit. Quisque convallis massa nec diam mattis blandit. Integer lobortis et lectus quis vulputate. Phasellus felis nibh, ultricies in congue at, molestie eu leo. Vestibulum placerat malesuada tellus, a malesuada magna eleifend nec. Curabitur vel venenatis odio, quis cursus nisl. Etiam in vehicula erat, at consequat arcu. Curabitur ut magna dui. Quisque tincidunt blandit mauris, vitae hendrerit nulla sagittis eleifend. Sed feugiat arcu eget dolor mollis lobortis ut sit amet urna.</i>", "media": 1, "created_at": "2024-11-22T12:15:00.292Z", "updated_at": "2024-11-22T12:15:38.734Z"}}, {"model": "bot.botmessage", "pk": 25, "fields": {"identifier": 25, "text": "Выберите город", "media": null, "created_at": "2024-11-22T13:33:23.215Z", "updated_at": "2024-11-22T13:33:23.215Z"}}, {"model": "bot.botmessage", "pk": 26, "fields": {"identifier": 26, "text": "Информация о вакансии:\r\n1. {city_name}\r\n2. Условия:\r\n<i>{conditions}</i>", "media": null, "created_at": "2024-11-22T13:53:40.604Z", "updated_at": "2024-11-22T14:31:48.830Z"}}, {"model": "bot.botmessage", "pk": 27, "fields": {"identifier": 27, "text": "Города не найдены.", "media": null, "created_at": "2024-11-22T14:57:12.809Z", "updated_at": "2024-11-22T14:57:12.809Z"}}, {"model": "bot.botmessage", "pk": 28, "fields": {"identifier": 28, "text": "Вы уже подали заявку", "media": null, "created_at": "2024-11-22T14:58:23.755Z", "updated_at": "2024-11-22T14:58:23.755Z"}}, {"model": "bot.botmessage", "pk": 29, "fields": {"identifier": 29, "text": "Ваша дата назначения: {appointment_date}", "media": null, "created_at": "2024-11-22T15:06:30.259Z", "updated_at": "2024-11-22T15:06:30.259Z"}}, {"model": "bot.botmessagetype", "pk": 1, "fields": {"name": "start_message_partner", "description": "Стартовое сообщение для партнёра"}}, {"model": "bot.botmessagetype", "pk": 2, "fields": {"name": "start_message_courier", "description": "Стартовое сообщение курьера"}}, {"model": "bot.botmessagetype", "pk": 3, "fields": {"name": "city_selected_referral_fullname", "description": "Курьер выбрал город"}}, {"model": "bot.botmessagetype", "pk": 4, "fields": {"name": "city_selected_choose_vacancy", "description": "Выбор города при составление заявки вручную"}}, {"model": "bot.botmessagetype", "pk": 5, "fields": {"name": "personal_cabinet_select_date", "description": "Выбор города в личном кабинете"}}, {"model": "bot.botmessagetype", "pk": 6, "fields": {"name": "unknown_state", "description": "Неизвестное состояние"}}, {"model": "bot.botmessagetype", "pk": 7, "fields": {"name": "enter_phone_number", "description": "Ввод номера телефона"}}, {"model": "bot.botmessagetype", "pk": 8, "fields": {"name": "choose_tax_status", "description": "Выбор налогового статуса"}}, {"model": "bot.botmessagetype", "pk": 9, "fields": {"name": "choose_car_tonnage", "description": "Выбор тоннажа"}}, {"model": "bot.botmessagetype", "pk": 10, "fields": {"name": "choose_document_provision_method", "description": "Проверка документов"}}, {"model": "bot.botmessagetype", "pk": 11, "fields": {"name": "error_past_date_selected", "description": "Ошибка: прошлая дата"}}, {"model": "bot.botmessagetype", "pk": 12, "fields": {"name": "date_selected_confirmation", "description": "Подтверждение выбора даты"}}, {"model": "bot.botmessagetype", "pk": 13, "fields": {"name": "no_applications_found", "description": "Отсутствие заявки"}}, {"model": "bot.botmessagetype", "pk": 14, "fields": {"name": "applications_list", "description": "Получение списка заявок"}}, {"model": "bot.botmessagetype", "pk": 15, "fields": {"name": "application_submitted_success", "description": "Сообщение об успешной заявке"}}, {"model": "bot.botmessagetype", "pk": 16, "fields": {"name": "choose_date_for_documents", "description": "Сообщение с просьбой выбрать дату для предоставления документов"}}, {"model": "bot.botmessagetype", "pk": 17, "fields": {"name": "prompt_for_document_upload", "description": "Сообщение с просьбой отправить следующий документ"}}, {"model": "bot.botmessagetype", "pk": 18, "fields": {"name": "no_pending_documents", "description": "Сообщение об отсутствии ожидаемых документов"}}, {"model": "bot.botmessagetype", "pk": 19, "fields": {"name": "all_documents_received", "description": "Сообщение об успешном получении всех документов"}}, {"model": "bot.botmessagetype", "pk": 20, "fields": {"name": "invalid_file_type", "description": "Сообщение о неверном типе файла при загрузке документа"}}, {"model": "bot.botmessagetype", "pk": 21, "fields": {"name": "personal_cabinet", "description": "Личный кабинет"}}, {"model": "bot.botmessagetype", "pk": 22, "fields": {"name": "referral_links", "description": "Реферальные ссылки"}}, {"model": "bot.botmessagetype", "pk": 23, "fields": {"name": "training", "description": "Кнопки для \"Обучения\""}}, {"model": "bot.botmessagetype", "pk": 24, "fields": {"name": "company_info", "description": "Кнопка информация о компании"}}, {"model": "bot.botmessagetype", "pk": 25, "fields": {"name": "city_choice", "description": "Сообщение для выбора города"}}, {"model": "bot.botmessagetype", "pk": 26, "fields": {"name": "vacancy_info", "description": "Информация о вакансии"}}, {"model": "bot.botmessagetype", "pk": 27, "fields": {"name": "cities_not_found", "description": "Города не найдены"}}, {"model": "bot.botmessagetype", "pk": 28, "fields": {"name": "apply_already_exists", "description": "Заявка уже есть"}}, {"model": "bot.botmessagetype", "pk": 29, "fields": {"name": "appointment_date_success", "description": "Успешно назначенная дата"}}, {"model": "bot.botbutton", "pk": 1, "fields": {"message": 1, "text": "👤 Личный кабинет", "button_type": "callback", "payload": "personal_cabinet", "order": 1}}, {"model": "bot.botbutton", "pk": 2, "fields": {"message": 1, "text": "📩 Разместить заявку", "button_type": "callback", "payload": "start_application", "order": 2}}, {"model": "bot.botbutton", "pk": 3, "fields": {"message": 1, "text": "🔗 Реферальные ссылки", "button_type": "callback", "payload": "referral_links", "order": 3}}, {"model": "bot.botbutton", "pk": 4, "fields": {"message": 1, "text": "🏫 Обучение", "button_type": "callback", "payload": "training", "order": 4}}, {"model": "bot.botbutton", "pk": 5, "fields": {"message": 8, "text": "Самозанятый", "button_type": "text", "payload": "152", "order": 1}}, {"model": "bot.botbutton", "pk": 6, "fields": {"message": 8, "text": "Инд.предприниматель", "button_type": "text", "payload": "150", "order": 2}}, {"model": "bot.botbutton", "pk": 7, "fields": {"message": 8, "text": "Не оформлен", "button_type": "text", "payload": "656", "order": 3}}, {"model": "bot.botbutton", "pk": 8, "fields": {"message": 9, "text": "0,5 - тонн (Легковое авто)", "button_type": "text", "payload": "156", "order": 1}}, {"model": "bot.botbutton", "pk": 9, "fields": {"message": 9, "text": "до 1 тонны (Каблук или микроавтобус)", "button_type": "text", "payload": "158", "order": 2}}, {"model": "bot.botbutton", "pk": 10, "fields": {"message": 9, "text": "1,5 тонны (Газели и др.)", "button_type": "text", "payload": "160", "order": 3}}, {"model": "bot.botbutton", "pk": 11, "fields": {"message": 9, "text": "Штат (авто компании)", "button_type": "text", "payload": "1106", "order": 4}}, {"model": "bot.botbutton", "pk": 12, "fields": {"message": 9, "text": "Несколько машин (ИП,ООО и др.)", "button_type": "text", "payload": "1284", "order": 5}}, {"model": "bot.botbutton", "pk": 13, "fields": {"message": 10, "text": "Загрузить документы сейчас", "button_type": "callback", "payload": "upload_now", "order": 1}}, {"model": "bot.botbutton", "pk": 14, "fields": {"message": 10, "text": "Назначить дату для предоставления документов", "button_type": "callback", "payload": "schedule_date", "order": 2}}, {"model": "bot.botbutton", "pk": 15, "fields": {"message": 21, "text": "Новая", "button_type": "callback", "payload": "new", "order": 1}}, {"model": "bot.botbutton", "pk": 16, "fields": {"message": 21, "text": "В работе", "button_type": "callback", "payload": "active", "order": 2}}, {"model": "bot.botbutton", "pk": 17, "fields": {"message": 21, "text": "Завершена", "button_type": "callback", "payload": "closed", "order": 3}}, {"model": "bot.botbutton", "pk": 18, "fields": {"message": 23, "text": "Информация о компании", "button_type": "callback", "payload": "company_info", "order": 0}}, {"model": "bot.botbutton", "pk": 19, "fields": {"message": 23, "text": "Информация по кандидатам", "button_type": "callback", "payload": "application_info", "order": 1}}, {"model": "bot.botbutton", "pk": 20, "fields": {"message": 8, "text": "Штат (на авто компании)", "button_type": "text", "payload": "1212", "order": 4}}, {"model": "bot.botbutton", "pk": 21, "fields": {"message": 8, "text": "Юридическое Лицо (все кроме ИП)", "button_type": "text", "payload": "1308", "order": 5}}, {"model": "bot.botmedia", "pk": 1, "fields": {"media_type": "photo", "file": "bot_media/19._Самолеты.jpg", "description": "Информация о компании", "created_at": "2024-11-22T12:14:59.061Z"}}]