[
  {
    "model": "admin.logentry",
    "pk": 1,
    "fields": {
      "action_time": "2024-11-16T14:59:59.760Z",
      "user": 1,
      "content_type": 8,
      "object_id": "1",
      "object_repr": "Киров Зверкал",
      "action_flag": 1,
      "change_message": "[{\"added\": {}}]"
    }
  },
  {
    "model": "admin.logentry",
    "pk": 2,
    "fields": {
      "action_time": "2024-11-16T15:03:53.683Z",
      "user": 1,
      "content_type": 7,
      "object_id": "2",
      "object_repr": "eenoemos",
      "action_flag": 3,
      "change_message": ""
    }
  },
  {
    "model": "admin.logentry",
    "pk": 3,
    "fields": {
      "action_time": "2024-11-16T15:04:01.389Z",
      "user": 1,
      "content_type": 14,
      "object_id": "1",
      "object_repr": "Москва",
      "action_flag": 1,
      "change_message": "[{\"added\": {}}]"
    }
  },
  {
    "model": "admin.logentry",
    "pk": 4,
    "fields": {
      "action_time": "2024-11-16T15:04:43.434Z",
      "user": 1,
      "content_type": 7,
      "object_id": "3",
      "object_repr": "eenoemos",
      "action_flag": 3,
      "change_message": ""
    }
  },
  {
    "model": "admin.logentry",
    "pk": 5,
    "fields": {
      "action_time": "2024-11-16T15:17:07.896Z",
      "user": 1,
      "content_type": 7,
      "object_id": "4",
      "object_repr": "eenoemos",
      "action_flag": 3,
      "change_message": ""
    }
  },
  {
    "model": "admin.logentry",
    "pk": 6,
    "fields": {
      "action_time": "2024-11-16T15:17:07.896Z",
      "user": 1,
      "content_type": 7,
      "object_id": "1",
      "object_repr": "AkiraSansa",
      "action_flag": 3,
      "change_message": ""
    }
  },
  {
    "model": "admin.logentry",
    "pk": 7,
    "fields": {
      "action_time": "2024-11-16T15:17:27.250Z",
      "user": 1,
      "content_type": 8,
      "object_id": "5",
      "object_repr": "Киров Зверкал",
      "action_flag": 1,
      "change_message": "[{\"added\": {}}]"
    }
  },
  {
    "model": "admin.logentry",
    "pk": 8,
    "fields": {
      "action_time": "2024-11-16T16:11:35.594Z",
      "user": 1,
      "content_type": 11,
      "object_id": "1",
      "object_repr": "dsfsfsd",
      "action_flag": 3,
      "change_message": ""
    }
  },
  {
    "model": "admin.logentry",
    "pk": 9,
    "fields": {
      "action_time": "2024-11-17T06:29:25.218Z",
      "user": 1,
      "content_type": 11,
      "object_id": "2",
      "object_repr": "fdsfsdfsdf",
      "action_flag": 2,
      "change_message": "[{\"changed\": {\"fields\": [\"\\u0421\\u0442\\u0430\\u0442\\u0443\\u0441\"]}}]"
    }
  },
  {
    "model": "admin.logentry",
    "pk": 10,
    "fields": {
      "action_time": "2024-11-17T09:09:31.294Z",
      "user": 1,
      "content_type": 11,
      "object_id": "4",
      "object_repr": "Аа пап ппп",
      "action_flag": 2,
      "change_message": "[{\"changed\": {\"fields\": [\"\\u0421\\u0442\\u0430\\u0442\\u0443\\u0441\"]}}]"
    }
  },
  {
    "model": "admin.logentry",
    "pk": 11,
    "fields": {
      "action_time": "2024-11-17T14:24:55.929Z",
      "user": 1,
      "content_type": 11,
      "object_id": "4",
      "object_repr": "Аа пап ппп",
      "action_flag": 3,
      "change_message": ""
    }
  },
  {
    "model": "admin.logentry",
    "pk": 12,
    "fields": {
      "action_time": "2024-11-17T14:25:51.885Z",
      "user": 1,
      "content_type": 11,
      "object_id": "5",
      "object_repr": "Па в",
      "action_flag": 2,
      "change_message": "[{\"changed\": {\"fields\": [\"\\u0421\\u0442\\u0430\\u0442\\u0443\\u0441\"]}}]"
    }
  },
  {
    "model": "admin.logentry",
    "pk": 13,
    "fields": {
      "action_time": "2024-11-17T14:40:31.585Z",
      "user": 1,
      "content_type": 7,
      "object_id": "7",
      "object_repr": "allsids",
      "action_flag": 2,
      "change_message": "[]"
    }
  },
  {
    "model": "admin.logentry",
    "pk": 14,
    "fields": {
      "action_time": "2024-11-17T15:40:40.689Z",
      "user": 1,
      "content_type": 13,
      "object_id": "2",
      "object_repr": "Курьер (Москва)",
      "action_flag": 1,
      "change_message": "[{\"added\": {}}]"
    }
  },
  {
    "model": "admin.logentry",
    "pk": 15,
    "fields": {
      "action_time": "2024-11-17T15:40:55.065Z",
      "user": 1,
      "content_type": 13,
      "object_id": "3",
      "object_repr": "Повар (Москва)",
      "action_flag": 1,
      "change_message": "[{\"added\": {}}]"
    }
  },
  {
    "model": "admin.logentry",
    "pk": 16,
    "fields": {
      "action_time": "2024-11-17T15:47:37.249Z",
      "user": 1,
      "content_type": 14,
      "object_id": "2",
      "object_repr": "Казань",
      "action_flag": 1,
      "change_message": "[{\"added\": {}}]"
    }
  },
  {
    "model": "admin.logentry",
    "pk": 17,
    "fields": {
      "action_time": "2024-11-17T15:47:39.952Z",
      "user": 1,
      "content_type": 14,
      "object_id": "3",
      "object_repr": "Киров",
      "action_flag": 1,
      "change_message": "[{\"added\": {}}]"
    }
  },
  {
    "model": "admin.logentry",
    "pk": 18,
    "fields": {
      "action_time": "2024-11-17T15:47:42.826Z",
      "user": 1,
      "content_type": 14,
      "object_id": "4",
      "object_repr": "Алушта",
      "action_flag": 1,
      "change_message": "[{\"added\": {}}]"
    }
  },
  {
    "model": "admin.logentry",
    "pk": 19,
    "fields": {
      "action_time": "2024-11-17T15:47:47.515Z",
      "user": 1,
      "content_type": 14,
      "object_id": "5",
      "object_repr": "Нижний Новгород",
      "action_flag": 1,
      "change_message": "[{\"added\": {}}]"
    }
  },
  {
    "model": "admin.logentry",
    "pk": 20,
    "fields": {
      "action_time": "2024-11-17T15:48:04.665Z",
      "user": 1,
      "content_type": 14,
      "object_id": "6",
      "object_repr": "Череповец",
      "action_flag": 1,
      "change_message": "[{\"added\": {}}]"
    }
  },
  {
    "model": "admin.logentry",
    "pk": 21,
    "fields": {
      "action_time": "2024-11-17T16:16:17.851Z",
      "user": 1,
      "content_type": 13,
      "object_id": "4",
      "object_repr": "Асфальтоукладчик (Москва)",
      "action_flag": 1,
      "change_message": "[{\"added\": {}}]"
    }
  },
  {
    "model": "admin.logentry",
    "pk": 22,
    "fields": {
      "action_time": "2024-11-17T16:16:26.279Z",
      "user": 1,
      "content_type": 13,
      "object_id": "5",
      "object_repr": "Монтажник (Москва)",
      "action_flag": 1,
      "change_message": "[{\"added\": {}}]"
    }
  },
  {
    "model": "admin.logentry",
    "pk": 23,
    "fields": {
      "action_time": "2024-11-18T05:32:40.393Z",
      "user": 1,
      "content_type": 11,
      "object_id": "2",
      "object_repr": "fdsfsdfsdf",
      "action_flag": 3,
      "change_message": ""
    }
  },
  {
    "model": "admin.logentry",
    "pk": 24,
    "fields": {
      "action_time": "2024-11-18T06:07:30.793Z",
      "user": 1,
      "content_type": 11,
      "object_id": "9",
      "object_repr": "asdasdas",
      "action_flag": 3,
      "change_message": ""
    }
  },
  {
    "model": "admin.logentry",
    "pk": 25,
    "fields": {
      "action_time": "2024-11-18T06:13:22.575Z",
      "user": 1,
      "content_type": 11,
      "object_id": "10",
      "object_repr": "fdsfsdf",
      "action_flag": 3,
      "change_message": ""
    }
  },
  {
    "model": "admin.logentry",
    "pk": 26,
    "fields": {
      "action_time": "2024-11-18T06:25:58.571Z",
      "user": 1,
      "content_type": 9,
      "object_id": "1",
      "object_repr": "Рассылка от 2024-11-18 06:25:58.568274+00:00",
      "action_flag": 1,
      "change_message": "[{\"added\": {}}]"
    }
  },
  {
    "model": "admin.logentry",
    "pk": 27,
    "fields": {
      "action_time": "2024-11-18T06:30:27.500Z",
      "user": 1,
      "content_type": 7,
      "object_id": "7",
      "object_repr": "allsids",
      "action_flag": 3,
      "change_message": ""
    }
  },
  {
    "model": "admin.logentry",
    "pk": 28,
    "fields": {
      "action_time": "2024-11-18T07:23:38.826Z",
      "user": 1,
      "content_type": 11,
      "object_id": "11",
      "object_repr": "safasfd",
      "action_flag": 3,
      "change_message": ""
    }
  },
  {
    "model": "admin.logentry",
    "pk": 29,
    "fields": {
      "action_time": "2024-11-18T07:23:38.827Z",
      "user": 1,
      "content_type": 11,
      "object_id": "8",
      "object_repr": "dasdasd",
      "action_flag": 3,
      "change_message": ""
    }
  },
  {
    "model": "admin.logentry",
    "pk": 30,
    "fields": {
      "action_time": "2024-11-18T07:23:38.827Z",
      "user": 1,
      "content_type": 11,
      "object_id": "6",
      "object_repr": "sadasd",
      "action_flag": 3,
      "change_message": ""
    }
  },
  {
    "model": "admin.logentry",
    "pk": 31,
    "fields": {
      "action_time": "2024-11-18T07:23:53.306Z",
      "user": 1,
      "content_type": 9,
      "object_id": "1",
      "object_repr": "Рассылка от 2024-11-18 06:25:58.568274+00:00",
      "action_flag": 3,
      "change_message": ""
    }
  },
  {
    "model": "admin.logentry",
    "pk": 32,
    "fields": {
      "action_time": "2024-11-18T07:24:13.669Z",
      "user": 1,
      "content_type": 16,
      "object_id": "1",
      "object_repr": "start_message_partner",
      "action_flag": 1,
      "change_message": "[{\"added\": {}}]"
    }
  },
  {
    "model": "admin.logentry",
    "pk": 33,
    "fields": {
      "action_time": "2024-11-18T07:24:31.768Z",
      "user": 1,
      "content_type": 16,
      "object_id": "2",
      "object_repr": "start_message_courier",
      "action_flag": 1,
      "change_message": "[{\"added\": {}}]"
    }
  },
  {
    "model": "admin.logentry",
    "pk": 34,
    "fields": {
      "action_time": "2024-11-18T07:25:22.865Z",
      "user": 1,
      "content_type": 17,
      "object_id": "1",
      "object_repr": "start_message_partner",
      "action_flag": 1,
      "change_message": "[{\"added\": {}}]"
    }
  },
  {
    "model": "admin.logentry",
    "pk": 35,
    "fields": {
      "action_time": "2024-11-18T07:25:36.133Z",
      "user": 1,
      "content_type": 17,
      "object_id": "2",
      "object_repr": "start_message_courier",
      "action_flag": 1,
      "change_message": "[{\"added\": {}}]"
    }
  },
  {
    "model": "admin.logentry",
    "pk": 36,
    "fields": {
      "action_time": "2024-11-18T07:26:32.439Z",
      "user": 1,
      "content_type": 18,
      "object_id": "1",
      "object_repr": "👤 Личный кабинет (Callback кнопка)",
      "action_flag": 1,
      "change_message": "[{\"added\": {}}]"
    }
  },
  {
    "model": "admin.logentry",
    "pk": 37,
    "fields": {
      "action_time": "2024-11-18T07:41:38.683Z",
      "user": 1,
      "content_type": 16,
      "object_id": "3",
      "object_repr": "city_selected_referral_fullname",
      "action_flag": 1,
      "change_message": "[{\"added\": {}}]"
    }
  },
  {
    "model": "admin.logentry",
    "pk": 38,
    "fields": {
      "action_time": "2024-11-18T07:42:48.880Z",
      "user": 1,
      "content_type": 16,
      "object_id": "4",
      "object_repr": "city_selected_choose_vacancy",
      "action_flag": 1,
      "change_message": "[{\"added\": {}}]"
    }
  },
  {
    "model": "admin.logentry",
    "pk": 39,
    "fields": {
      "action_time": "2024-11-18T07:43:03.025Z",
      "user": 1,
      "content_type": 16,
      "object_id": "3",
      "object_repr": "city_selected_referral_fullname",
      "action_flag": 2,
      "change_message": "[]"
    }
  },
  {
    "model": "admin.logentry",
    "pk": 40,
    "fields": {
      "action_time": "2024-11-18T07:43:24.399Z",
      "user": 1,
      "content_type": 16,
      "object_id": "5",
      "object_repr": "personal_cabinet_select_date",
      "action_flag": 1,
      "change_message": "[{\"added\": {}}]"
    }
  },
  {
    "model": "admin.logentry",
    "pk": 41,
    "fields": {
      "action_time": "2024-11-18T07:43:35.654Z",
      "user": 1,
      "content_type": 16,
      "object_id": "6",
      "object_repr": "unknown_state",
      "action_flag": 1,
      "change_message": "[{\"added\": {}}]"
    }
  },
  {
    "model": "admin.logentry",
    "pk": 42,
    "fields": {
      "action_time": "2024-11-18T07:47:50.790Z",
      "user": 1,
      "content_type": 17,
      "object_id": "3",
      "object_repr": "city_selected_referral_fullname",
      "action_flag": 1,
      "change_message": "[{\"added\": {}}]"
    }
  },
  {
    "model": "admin.logentry",
    "pk": 43,
    "fields": {
      "action_time": "2024-11-18T08:54:53.957Z",
      "user": 1,
      "content_type": 11,
      "object_id": "12",
      "object_repr": "ыфвфыв",
      "action_flag": 3,
      "change_message": ""
    }
  },
  {
    "model": "admin.logentry",
    "pk": 44,
    "fields": {
      "action_time": "2024-11-18T09:44:08.711Z",
      "user": 1,
      "content_type": 11,
      "object_id": "13",
      "object_repr": "Нивылдаы",
      "action_flag": 3,
      "change_message": ""
    }
  },
  {
    "model": "admin.logentry",
    "pk": 45,
    "fields": {
      "action_time": "2024-11-18T10:09:36.515Z",
      "user": 1,
      "content_type": 17,
      "object_id": "21",
      "object_repr": "personal_cabinet",
      "action_flag": 2,
      "change_message": "[{\"changed\": {\"fields\": [\"\\u0422\\u0435\\u043a\\u0441\\u0442 \\u0441\\u043e\\u043e\\u0431\\u0449\\u0435\\u043d\\u0438\\u044f\"]}}]"
    }
  },
  {
    "model": "admin.logentry",
    "pk": 46,
    "fields": {
      "action_time": "2024-11-18T10:09:45.233Z",
      "user": 1,
      "content_type": 17,
      "object_id": "21",
      "object_repr": "personal_cabinet",
      "action_flag": 2,
      "change_message": "[{\"changed\": {\"fields\": [\"\\u0422\\u0435\\u043a\\u0441\\u0442 \\u0441\\u043e\\u043e\\u0431\\u0449\\u0435\\u043d\\u0438\\u044f\"]}}]"
    }
  },
  {
    "model": "admin.logentry",
    "pk": 47,
    "fields": {
      "action_time": "2024-11-18T10:33:58.716Z",
      "user": 1,
      "content_type": 11,
      "object_id": "14",
      "object_repr": "фвывфыв",
      "action_flag": 3,
      "change_message": ""
    }
  },
  {
    "model": "admin.logentry",
    "pk": 48,
    "fields": {
      "action_time": "2024-11-18T10:34:04.923Z",
      "user": 1,
      "content_type": 8,
      "object_id": "5",
      "object_repr": "Киров Зверкал",
      "action_flag": 3,
      "change_message": ""
    }
  },
  {
    "model": "admin.logentry",
    "pk": 49,
    "fields": {
      "action_time": "2024-11-18T10:34:11.084Z",
      "user": 1,
      "content_type": 7,
      "object_id": "6",
      "object_repr": "eenoemos",
      "action_flag": 3,
      "change_message": ""
    }
  },
  {
    "model": "auth.user",
    "pk": 1,
    "fields": {
      "password": "pbkdf2_sha256$870000$yDTLJzFnc7S23D9uYjNZsV$QxWupQgvCCpY+BQN01N2SxdFS2QsugDWBPYUgYDYK4E=",
      "last_login": "2024-11-16T14:59:37.328Z",
      "is_superuser": true,
      "username": "admin",
      "first_name": "",
      "last_name": "",
      "email": "",
      "is_staff": true,
      "is_active": true,
      "date_joined": "2024-11-16T14:59:26.031Z",
      "groups": [],
      "user_permissions": []
    }
  },
  {
    "model": "sessions.session",
    "pk": "0fkor5drgoydoh97efudj9r7l29armyv",
    "fields": {
      "session_data": ".eJxVjEEOwiAQRe_C2hAGEahL956hmRkGqRpISrsy3l2bdKHb_977LzXiupRx7TKPU1JnBerwuxHyQ-oG0h3rrWludZkn0puid9r1tSV5Xnb376BgL9-as4kRjPURAzkxMIikE2QxzM4CWBKOghm8HyxwdiEdMVsMAJ58JPX-AOivOCA:1tCKGv:EF45zg52hmhJLWIsA9V4YQXxkNRa05vyDu8Tu5qR9P4",
      "expire_date": "2024-11-30T14:59:37.333Z"
    }
  },
  {
    "model": "vacancies.vacancy",
    "pk": 1,
    "fields": { "name": "Курьер", "city": null }
  },
  {
    "model": "vacancies.vacancy",
    "pk": 2,
    "fields": { "name": "Курьер", "city": 1 }
  },
  {
    "model": "vacancies.vacancy",
    "pk": 3,
    "fields": { "name": "Повар", "city": 1 }
  },
  {
    "model": "vacancies.vacancy",
    "pk": 4,
    "fields": { "name": "Асфальтоукладчик", "city": 1 }
  },
  {
    "model": "vacancies.vacancy",
    "pk": 5,
    "fields": { "name": "Монтажник", "city": 1 }
  },
  {
    "model": "vacancies.vacancy",
    "pk": 6,
    "fields": { "name": "Слесарь", "city": 1 }
  },
  {
    "model": "vacancies.vacancy",
    "pk": 7,
    "fields": { "name": "Лакировочник", "city": 1 }
  },
  {
    "model": "vacancies.vacancy",
    "pk": 8,
    "fields": { "name": "Трубодур", "city": 1 }
  },
  {
    "model": "vacancies.vacancy",
    "pk": 9,
    "fields": { "name": "Швец", "city": 1 }
  },
  {
    "model": "vacancies.vacancy",
    "pk": 10,
    "fields": { "name": "Жнец", "city": 1 }
  },
  {
    "model": "vacancies.vacancy",
    "pk": 11,
    "fields": { "name": "Игрец", "city": 1 }
  },
  { "model": "geo.city", "pk": 1, "fields": { "name": "Москва" } },
  { "model": "geo.city", "pk": 2, "fields": { "name": "Казань" } },
  { "model": "geo.city", "pk": 3, "fields": { "name": "Киров" } },
  { "model": "geo.city", "pk": 4, "fields": { "name": "Алушта" } },
  { "model": "geo.city", "pk": 5, "fields": { "name": "Нижний Новгород" } },
  { "model": "geo.city", "pk": 6, "fields": { "name": "Череповец" } },
  {
    "model": "bot.botmessage",
    "pk": 1,
    "fields": {
      "identifier": 1,
      "text": "Добро пожаловать, Партнёр!",
      "media": null,
      "created_at": "2024-11-18T07:25:22.863Z",
      "updated_at": "2024-11-18T07:25:22.863Z"
    }
  },
  {
    "model": "bot.botmessage",
    "pk": 2,
    "fields": {
      "identifier": 2,
      "text": "Добро пожаловать, Курьер!",
      "media": null,
      "created_at": "2024-11-18T07:25:36.132Z",
      "updated_at": "2024-11-18T07:25:36.132Z"
    }
  },
  {
    "model": "bot.botmessage",
    "pk": 3,
    "fields": {
      "identifier": 3,
      "text": "Вы выбрали город: {city_name}. Пожалуйста, введите полностью Ваше ФИО:",
      "media": null,
      "created_at": "2024-11-18T07:47:50.789Z",
      "updated_at": "2024-11-18T07:47:50.789Z"
    }
  },
  {
    "model": "bot.botmessage",
    "pk": 4,
    "fields": {
      "identifier": 4,
      "text": "Вы выбрали город: {city_name}. Пожалуйста, выберите вакансию:",
      "media": null,
      "created_at": "2024-11-18T07:47:50.789Z",
      "updated_at": "2024-11-18T07:47:50.789Z"
    }
  },
  {
    "model": "bot.botmessage",
    "pk": 5,
    "fields": {
      "identifier": 5,
      "text": "Выберите дату:",
      "media": null,
      "created_at": "2024-11-18T07:47:50.789Z",
      "updated_at": "2024-11-18T07:47:50.789Z"
    }
  },
  {
    "model": "bot.botmessage",
    "pk": 6,
    "fields": {
      "identifier": 6,
      "text": "Неизвестное состояние",
      "media": null,
      "created_at": "2024-11-18T07:47:50.789Z",
      "updated_at": "2024-11-18T07:47:50.789Z"
    }
  },
  {
    "model": "bot.botmessage",
    "pk": 7,
    "fields": {
      "identifier": 7,
      "text": "Пожалуйста, введите номер телефона:",
      "media": null,
      "created_at": "2024-11-18T07:47:50.789Z",
      "updated_at": "2024-11-18T07:47:50.789Z"
    }
  },
  {
    "model": "bot.botmessage",
    "pk": 8,
    "fields": {
      "identifier": 8,
      "text": "Выберите налоговый статус:",
      "media": null,
      "created_at": "2024-11-18T07:47:50.789Z",
      "updated_at": "2024-11-18T07:47:50.789Z"
    }
  },
  {
    "model": "bot.botmessage",
    "pk": 9,
    "fields": {
      "identifier": 9,
      "text": "Выберите тоннаж машины:",
      "media": null,
      "created_at": "2024-11-18T07:47:50.789Z",
      "updated_at": "2024-11-18T07:47:50.789Z"
    }
  },
  {
    "model": "bot.botmessage",
    "pk": 10,
    "fields": {
      "identifier": 10,
      "text": "Выберите способ предоставления документов:",
      "media": null,
      "created_at": "2024-11-18T07:47:50.789Z",
      "updated_at": "2024-11-18T07:47:50.789Z"
    }
  },
  {
    "model": "bot.botmessage",
    "pk": 11,
    "fields": {
      "identifier": 11,
      "text": "Вы выбрали прошедшую дату. Пожалуйста, выберите дату в будущем.",
      "media": null,
      "created_at": "2024-11-18T07:47:50.789Z",
      "updated_at": "2024-11-18T07:47:50.789Z"
    }
  },
  {
    "model": "bot.botmessage",
    "pk": 12,
    "fields": {
      "identifier": 12,
      "text": "Заявка принята в обработку.",
      "media": null,
      "created_at": "2024-11-18T07:47:50.789Z",
      "updated_at": "2024-11-18T07:47:50.789Z"
    }
  },
  {
    "model": "bot.botmessage",
    "pk": 13,
    "fields": {
      "identifier": 13,
      "text": "Нет заявок на выбранную дату",
      "media": null,
      "created_at": "2024-11-18T07:47:50.789Z",
      "updated_at": "2024-11-18T07:47:50.789Z"
    }
  },
  {
    "model": "bot.botmessage",
    "pk": 14,
    "fields": {
      "identifier": 14,
      "text": "Ваши заявки:{applications}",
      "media": null,
      "created_at": "2024-11-18T07:47:50.789Z",
      "updated_at": "2024-11-18T07:47:50.789Z"
    }
  },
  {
    "model": "bot.botmessage",
    "pk": 15,
    "fields": {
      "identifier": 15,
      "text": "Заявка успешно отправлена, с Вами скоро свяжутся.",
      "media": null,
      "created_at": "2024-11-18T07:47:50.789Z",
      "updated_at": "2024-11-18T07:47:50.789Z"
    }
  },
  {
    "model": "bot.botmessage",
    "pk": 16,
    "fields": {
      "identifier": 16,
      "text": "Пожалуйста, выберите дату для предоставления документов.",
      "media": null,
      "created_at": "2024-11-18T07:47:50.789Z",
      "updated_at": "2024-11-18T07:47:50.789Z"
    }
  },
  {
    "model": "bot.botmessage",
    "pk": 17,
    "fields": {
      "identifier": 17,
      "text": "Пожалуйста, отправьте {description} для {document_label}.",
      "media": null,
      "created_at": "2024-11-18T07:47:50.789Z",
      "updated_at": "2024-11-18T07:47:50.789Z"
    }
  },
  {
    "model": "bot.botmessage",
    "pk": 18,
    "fields": {
      "identifier": 18,
      "text": "Нет ожидаемых документов.",
      "media": null,
      "created_at": "2024-11-18T07:47:50.789Z",
      "updated_at": "2024-11-18T07:47:50.789Z"
    }
  },
  {
    "model": "bot.botmessage",
    "pk": 19,
    "fields": {
      "identifier": 19,
      "text": "Спасибо, все документы получены.",
      "media": null,
      "created_at": "2024-11-18T07:47:50.789Z",
      "updated_at": "2024-11-18T07:47:50.789Z"
    }
  },
  {
    "model": "bot.botmessage",
    "pk": 20,
    "fields": {
      "identifier": 20,
      "text": "Неверный тип файла. Пожалуйста, отправьте фото или документ.",
      "media": null,
      "created_at": "2024-11-18T07:47:50.789Z",
      "updated_at": "2024-11-18T07:47:50.789Z"
    }
  },
  {
    "model": "bot.botmessage",
    "pk": 21,
    "fields": {
      "identifier": 21,
      "text": "<b>ФИО:</b> {partner_name}\r\n<b>Кол-во заявок(В работе):</b>{applications_count}\r\n<b>Баланс:</b> {balance}\r\nВыберите статус заявки:",
      "media": null,
      "created_at": "2024-11-18T07:47:50.789Z",
      "updated_at": "2024-11-18T10:09:45.231Z"
    }
  },
  {
    "model": "bot.botmessage",
    "pk": 22,
    "fields": {
      "identifier": 22,
      "text": "<b>Ваша реферальная ссылка:</b>\r\n<code>{referral_link}</code>\r\n\r\n<b>Кол-во заявок: </b>{count}",
      "media": null,
      "created_at": "2024-11-18T07:47:50.789Z",
      "updated_at": "2024-11-18T10:09:45.231Z"
    }
  },
  {
    "model": "bot.botmessagetype",
    "pk": 1,
    "fields": {
      "name": "start_message_partner",
      "description": "Стартовое сообщение для партнёра"
    }
  },
  {
    "model": "bot.botmessagetype",
    "pk": 2,
    "fields": {
      "name": "start_message_courier",
      "description": "Стартовое сообщение курьера"
    }
  },
  {
    "model": "bot.botmessagetype",
    "pk": 3,
    "fields": {
      "name": "city_selected_referral_fullname",
      "description": "Курьер выбрал город"
    }
  },
  {
    "model": "bot.botmessagetype",
    "pk": 4,
    "fields": {
      "name": "city_selected_choose_vacancy",
      "description": "Выбор города при составление заявки вручную"
    }
  },
  {
    "model": "bot.botmessagetype",
    "pk": 5,
    "fields": {
      "name": "personal_cabinet_select_date",
      "description": "Выбор города в личном кабинете"
    }
  },
  {
    "model": "bot.botmessagetype",
    "pk": 6,
    "fields": {
      "name": "unknown_state",
      "description": "Неизвестное состояние"
    }
  },
  {
    "model": "bot.botmessagetype",
    "pk": 7,
    "fields": {
      "name": "enter_phone_number",
      "description": "Ввод номера телефона"
    }
  },
  {
    "model": "bot.botmessagetype",
    "pk": 8,
    "fields": {
      "name": "choose_tax_status",
      "description": "Выбор налогового статуса"
    }
  },
  {
    "model": "bot.botmessagetype",
    "pk": 9,
    "fields": { "name": "choose_car_tonnage", "description": "Выбор тоннажа" }
  },
  {
    "model": "bot.botmessagetype",
    "pk": 10,
    "fields": {
      "name": "choose_document_provision_method",
      "description": "Проверка документов"
    }
  },
  {
    "model": "bot.botmessagetype",
    "pk": 11,
    "fields": {
      "name": "error_past_date_selected",
      "description": "Ошибка: прошлая дата"
    }
  },
  {
    "model": "bot.botmessagetype",
    "pk": 12,
    "fields": {
      "name": "date_selected_confirmation",
      "description": "Подтверждение выбора даты"
    }
  },
  {
    "model": "bot.botmessagetype",
    "pk": 13,
    "fields": {
      "name": "no_applications_found",
      "description": "Отсутствие заявки"
    }
  },
  {
    "model": "bot.botmessagetype",
    "pk": 14,
    "fields": {
      "name": "applications_list",
      "description": "Получение списка заявок"
    }
  },
  {
    "model": "bot.botmessagetype",
    "pk": 15,
    "fields": {
      "name": "application_submitted_success",
      "description": "Сообщение об успешной заявке"
    }
  },
  {
    "model": "bot.botmessagetype",
    "pk": 16,
    "fields": {
      "name": "choose_date_for_documents",
      "description": "Сообщение с просьбой выбрать дату для предоставления документов"
    }
  },
  {
    "model": "bot.botmessagetype",
    "pk": 17,
    "fields": {
      "name": "prompt_for_document_upload",
      "description": "Сообщение с просьбой отправить следующий документ"
    }
  },
  {
    "model": "bot.botmessagetype",
    "pk": 18,
    "fields": {
      "name": "no_pending_documents",
      "description": "Сообщение об отсутствии ожидаемых документов"
    }
  },
  {
    "model": "bot.botmessagetype",
    "pk": 19,
    "fields": {
      "name": "all_documents_received",
      "description": "Сообщение об успешном получении всех документов"
    }
  },
  {
    "model": "bot.botmessagetype",
    "pk": 20,
    "fields": {
      "name": "invalid_file_type",
      "description": "Сообщение о неверном типе файла при загрузке документа"
    }
  },
  {
    "model": "bot.botmessagetype",
    "pk": 21,
    "fields": { "name": "personal_cabinet", "description": "Личный кабинет" }
  },
  {
    "model": "bot.botmessagetype",
    "pk": 22,
    "fields": { "name": "referral_links", "description": "Реферальные ссылки" }
  },
  {
    "model": "bot.botbutton",
    "pk": 1,
    "fields": {
      "message": 1,
      "text": "👤 Личный кабинет",
      "button_type": "callback",
      "payload": "personal_cabinet",
      "order": 1
    }
  },
  {
    "model": "bot.botbutton",
    "pk": 2,
    "fields": {
      "message": 1,
      "text": "📩 Разместить заявку",
      "button_type": "callback",
      "payload": "start_application",
      "order": 2
    }
  },
  {
    "model": "bot.botbutton",
    "pk": 3,
    "fields": {
      "message": 1,
      "text": "🔗 Реферальные ссылки",
      "button_type": "callback",
      "payload": "referral_links",
      "order": 3
    }
  },
  {
    "model": "bot.botbutton",
    "pk": 4,
    "fields": {
      "message": 1,
      "text": "🏫 Обучение",
      "button_type": "callback",
      "payload": "training",
      "order": 4
    }
  },
  {
    "model": "bot.botbutton",
    "pk": 5,
    "fields": {
      "message": 8,
      "text": "Самозанятый",
      "button_type": "text",
      "payload": "СМЗ",
      "order": 1
    }
  },
  {
    "model": "bot.botbutton",
    "pk": 6,
    "fields": {
      "message": 8,
      "text": "Инд.предприниматель",
      "button_type": "text",
      "payload": "ИП",
      "order": 2
    }
  },
  {
    "model": "bot.botbutton",
    "pk": 7,
    "fields": {
      "message": 8,
      "text": "Физ.лицо",
      "button_type": "text",
      "payload": "Физ",
      "order": 3
    }
  },
  {
    "model": "bot.botbutton",
    "pk": 8,
    "fields": {
      "message": 9,
      "text": "до 0,5 т.",
      "button_type": "text",
      "payload": "0.5",
      "order": 1
    }
  },
  {
    "model": "bot.botbutton",
    "pk": 9,
    "fields": {
      "message": 9,
      "text": "до 1 т.",
      "button_type": "text",
      "payload": "1",
      "order": 2
    }
  },
  {
    "model": "bot.botbutton",
    "pk": 10,
    "fields": {
      "message": 9,
      "text": "до 1.5 т.",
      "button_type": "text",
      "payload": "1.5",
      "order": 3
    }
  },
  {
    "model": "bot.botbutton",
    "pk": 11,
    "fields": {
      "message": 9,
      "text": "от 1.5 т.",
      "button_type": "text",
      "payload": "1.5+",
      "order": 4
    }
  },
  {
    "model": "bot.botbutton",
    "pk": 12,
    "fields": {
      "message": 9,
      "text": "Нет машины (нужна аренда)",
      "button_type": "text",
      "payload": "Нет",
      "order": 5
    }
  },
  {
    "model": "bot.botbutton",
    "pk": 13,
    "fields": {
      "message": 10,
      "text": "Загрузить документы сейчас",
      "button_type": "callback",
      "payload": "upload_now",
      "order": 1
    }
  },
  {
    "model": "bot.botbutton",
    "pk": 14,
    "fields": {
      "message": 10,
      "text": "Назначить дату для предоставления документов",
      "button_type": "callback",
      "payload": "schedule_date",
      "order": 2
    }
  },
  {
    "model": "bot.botbutton",
    "pk": 15,
    "fields": {
      "message": 21,
      "text": "Новая",
      "button_type": "callback",
      "payload": "new",
      "order": 1
    }
  },
  {
    "model": "bot.botbutton",
    "pk": 16,
    "fields": {
      "message": 21,
      "text": "В работе",
      "button_type": "callback",
      "payload": "active",
      "order": 2
    }
  },
  {
    "model": "bot.botbutton",
    "pk": 17,
    "fields": {
      "message": 21,
      "text": "Завершена",
      "button_type": "callback",
      "payload": "closed",
      "order": 3
    }
  }
]
